{
  "AccountCreationSuccessful": "Your account has been successfully created!",
  "Actions": "Actions",
  "Administration": "Administration",
  "AreYouSureToDelete": "Are you sure you want to delete?",
  "Cancel": "Cancel",
  "CannotRemoveAdminUser": "You cannot remove admin user!",
  "CannotRemoveSystemRole": "You cannot remove default system roles!",
  "ChangePassword": "Change password",
  "CurrentPassword": "Current password",
  "EditRole": "Edit role",
  "EditUser": "Edit user",
  "Email": "E-mail",
  "EmailAddress": "E-mail address",
  "EmailAlreadyExist": "This email already exists!",
  "EMailSentSuccessfully": "Email sent successfully!",
  "EmailValidationError": "E-mail must be valid!",
  "ForgotPassword": "Forgot password",
  "HelloWorld": "Hello world!",
  "Home": "Home",
  "Login": "Login",
  "NewPassword": "New password",
  "NewRole": "New role",
  "NewUser": "New user",
  "No": "No",
  "NothingToDisplay": "Sorry, nothing to display here :(",
  "Password": "Password",
  "PasswordRepeat": "Password repeat",
  "PasswordResetSuccessful": "Password reset successful!",
  "PasswordsDoesNotMatch": "Passwords doesn't match!",
  "PasswordsMustMatch": "Passwords must match!",
  "Register": "Register",
  "RequiredField": "This field is required!",
  "ResetPassword": "Reset password",
  "RoleName": "Role name",
  "RoleNameAlreadyExist": "This role name is already exists!",
  "RoleNotFound": "Role not found!",
  "Roles": "Roles",
  "Save": "Save",
  "Search": "Search",
  "SelectAll": "Select all",
  "SelectPermissions": "Select permissions",
  "SelectRoles": "Select roles",
  "SendEmail": "Send email",
  "Successful": "Successful!",
  "UserName": "User name",
  "UserNameAlreadyExist": "This user name is already exist!",
  "UserNameOrEmailAddress": "User name or e-mail address",
  "UserNameOrPasswordIncorrect": "The user name or password is incorrect!",
  "UserNotFound": "User not found!",
  "Users": "Users",
  "Yes": "Yes"
}