﻿{
  "AccountCreationSuccessful": "Hesabınız başarılı ile oluşturuldu!",
  "Actions": "İşlemler",
  "Administration": "Yönetim",
  "AreYouSureToDelete": "Silmek istediğinize emin misiniz?",
  "Cancel": "İptal",
  "CannotRemoveAdminUser": "Admin kullanıcısını silemezsiniz!",
  "CannotRemoveSystemRole": "Varsayılan sistem rollerini silemezsiniz!",
  "ChangePassword": "Şifre değiştir",
  "CurrentPassword": "Mevcut şifre",
  "EditRole": "Rol düzenle",
  "EditUser": "Kullanıcı düzenle",
  "Email": "E-posta",
  "EmailAddress": "E-posta adresi",
  "EmailAlreadyExist": "Bu e-mail adresi zaten mevcut!",
  "EMailSentSuccessfully": "E-posta başarıyla gönderildi!",
  "EmailValidationError": "Geçerli bir e-posta adresi girin!",
  "ForgotPassword": "Şifremi unuttum",
  "HelloWorld": "Merhaba dünya!",
  "Home": "Anasayfa",
  "Login": "Giriş",
  "NewPassword": "Yeni şifre",
  "NewRole": "Yeni rol",
  "NewUser": "Yeni kullanıcı",
  "No": "Hayır",
  "NothingToDisplay": "Üzgünüz, gösterilecek birşey bulunamadı :(",
  "Password": "Şifre",
  "PasswordRepeat": "Şifre tekrar",
  "PasswordResetSuccessful": "Şifre sıfırlama başarılı!",
  "PasswordsDoesNotMatch": "Şifreler eşleşmiyor!",
  "PasswordsMustMatch": "Şifreler eşleşmeli!",
  "Register": "Kayıt",
  "RequiredField": "Bu alan gerekli!",
  "ResetPassword": "Şifreyi sıfırla",
  "RoleName": "Rol adı",
  "RoleNameAlreadyExist": "Bu role adı zaten mevcut!",
  "RoleNotFound": "Rol bulunamadı!",
  "Roles": "Roller",
  "Save": "Kaydet",
  "Search": "Ara",
  "SelectAll": "Tümünü seç",
  "SelectPermissions": "Yetki seçin",
  "SelectRoles": "Rol seçin",
  "SendEmail": "Email gönder",
  "Successful": "Başarılı!",
  "UserName": "Kullanıcı adı",
  "UserNameAlreadyExist": "Bu kullanıcı adı zaten mevcut!",
  "UserNameOrEmailAddress": "Kullanıcı adı veya e-posta adresi",
  "UserNameOrPasswordIncorrect": "Kullanıcı adı veya şifre yanlış!",
  "UserNotFound": "Kullanıcı bulunamadı!",
  "Users": "Kullanıcılar",
  "Yes": "Evet"
}